,Unnamed: 0,Age,Tm,Lg,Pos,G,GS,MP,FG,FGA,FG%,3P,3PA,3P%,2P,2PA,2P%,eFG%,FT,FTA,FT%,ORB,DRB,TRB,AST,STL,BLK,TOV,PF,PTS,OFF,DEF,TOT,name,AST/TOV
5,5,25.0,NOP,NBA,SG,9.0,8.0,21.2,1.2,4.6,0.268,0.7,2.7,0.25,0.6,1.9,0.294,0.341,0.7,1.0,0.667,0.4,2.7,3.1,1.0,0.7,0.0,0.2,1.6,3.8,5.999999999999999,3.4000000000000004,9.4,hollis_thompson,5.0
12,12,33.0,GSW,NBA,SF,76.0,0.0,26.3,2.9,5.5,0.528,0.8,2.3,0.362,2.0,3.1,0.6509999999999999,0.605,0.9,1.3,0.706,0.7,3.3,4.0,3.4,1.0,0.5,0.8,1.3,7.6,14.3,4.8,19.1,andre_iguodala,4.25
11,11,31.0,LAC,NBA,PG,61.0,61.0,31.5,6.1,12.9,0.476,2.0,5.0,0.411,4.1,7.9,0.518,0.555,3.8,4.3,0.892,0.7,4.3,5.0,9.2,2.0,0.1,2.4,2.4,18.1,34.800000000000004,6.4,41.2,chris_paul,3.833333333333333
16,16,28.0,DET,NBA,PG,81.0,32.0,24.1,4.1,9.2,0.439,0.3,1.3,0.267,3.7,8.0,0.467,0.458,0.9,1.3,0.706,0.3,2.6,2.9,5.2,0.8,0.4,1.4,1.6,9.4,18.700000000000006,3.8,22.500000000000004,ish_smith,3.714285714285715
5,5,26.0,MIN,NBA,PG,75.0,75.0,32.9,3.5,8.7,0.402,0.8,2.6,0.306,2.7,6.1,0.443,0.448,3.4,3.8,0.8909999999999999,0.9,3.2,4.1,9.1,1.7,0.1,2.6,2.7,11.1,27.599999999999994,5.0,32.599999999999994,ricky_rubio,3.4999999999999996
1,1,24.0,PHI,NBA,PG,81.0,51.0,26.3,2.9,6.3,0.461,0.1,0.7,0.2,2.8,5.6,0.4920000000000001,0.472,0.9,1.1,0.8109999999999999,0.5,2.6,3.1,6.6,1.7,0.1,2.0,1.7,6.9,18.6,4.4,23.0,tj_mcconnell,3.3
6,6,26.0,NOP,NBA,PG,65.0,35.0,23.5,2.5,6.2,0.403,0.6,2.0,0.313,1.9,4.2,0.446,0.453,1.5,2.0,0.76,0.5,2.1,2.7,5.2,0.9,0.1,1.6,2.0,7.1,16.4,3.1,19.5,tim_frazier,3.25
15,15,34.0,SAS,NBA,PG,63.0,63.0,25.2,4.2,9.0,0.466,0.4,1.1,0.333,3.8,7.9,0.484,0.486,1.3,1.9,0.726,0.1,1.7,1.8,4.5,0.5,0.0,1.4,1.5,10.1,17.8,2.2,20.0,tony_parker,3.2142857142857144
10,10,32.0,DAL,NBA,PG,35.0,6.0,22.0,4.1,9.8,0.414,1.5,4.2,0.358,2.5,5.6,0.456,0.491,1.3,1.5,0.863,0.3,2.1,2.4,5.5,0.4,0.0,1.8,0.9,10.9,20.4,2.5,22.9,jj_barea,3.0555555555555554
15,15,34.0,DEN,NBA,PG,75.0,39.0,27.3,3.6,8.1,0.444,1.4,3.6,0.388,2.2,4.4,0.489,0.531,0.6,0.8,0.7140000000000001,0.4,2.2,2.6,5.1,0.7,0.1,1.7,2.6,9.2,18.1,3.0000000000000004,21.1,jameer_nelson,3.0
7,7,28.0,IND,NBA,PG,82.0,82.0,32.4,4.9,11.1,0.442,1.1,3.1,0.35700000000000004,3.8,8.0,0.475,0.4920000000000001,4.4,5.1,0.867,0.4,3.6,4.0,7.8,1.2,0.4,2.6,2.0,15.3,28.7,5.2,33.9,jeff_teague,3.0
2,2,22.0,ORL,NBA,PG,82.0,58.0,29.4,5.2,11.1,0.471,0.5,1.8,0.274,4.8,9.3,0.509,0.493,1.8,2.6,0.6920000000000001,1.1,3.6,4.7,6.5,1.1,0.5,2.2,2.2,12.8,24.7,5.2,29.9,elfrid_payton,2.954545454545454
9,9,30.0,BOS,NBA,C,68.0,68.0,32.3,5.6,11.8,0.473,1.3,3.6,0.355,4.3,8.2,0.524,0.527,1.6,2.0,0.8,1.4,5.4,6.8,5.0,0.8,1.3,1.7,2.0,14.0,23.7,7.5,31.2,al_horford,2.9411764705882355
4,4,26.0,GSW,NBA,PF,76.0,76.0,32.5,3.6,8.6,0.418,1.1,3.5,0.308,2.5,5.1,0.494,0.481,2.0,2.8,0.7090000000000001,1.3,6.6,7.9,7.0,2.0,1.4,2.4,2.9,10.2,23.1,10.0,33.1,draymond_green,2.916666666666667
2,2,23.0,BRK,NBA,PG,59.0,18.0,22.6,2.3,5.1,0.444,0.6,1.7,0.376,1.6,3.4,0.478,0.507,2.1,2.7,0.792,0.5,2.3,2.8,3.1,0.7,0.4,1.1,2.0,7.3,12.9,3.4,16.3,spencer_dinwiddie,2.818181818181818
0,0,24.0,MIL,NBA,SG,75.0,28.0,26.4,3.9,8.5,0.457,1.0,2.6,0.404,2.8,5.9,0.48,0.518,1.5,1.7,0.865,0.6,2.2,2.8,4.2,1.1,0.2,1.5,1.9,10.2,17.7,3.5000000000000004,21.2,malcolm_brogdon,2.8000000000000003
4,4,28.0,HOU,NBA,SG,67.0,67.0,30.7,3.4,8.1,0.42,1.6,4.3,0.382,1.8,3.8,0.463,0.521,1.1,1.4,0.768,1.4,4.4,5.9,4.2,1.5,0.4,1.5,3.3,9.5,17.8,6.300000000000002,24.1,patrick_beverley,2.8000000000000003
12,12,30.0,CHI,NBA,PG,69.0,42.0,26.7,3.3,8.1,0.408,0.7,1.9,0.376,2.6,6.2,0.418,0.453,0.4,0.7,0.6,1.1,4.1,5.1,6.7,1.4,0.2,2.4,2.1,7.8,19.9,5.7,25.6,rajon_rondo,2.791666666666667
5,5,27.0,NOP,NBA,SG,73.0,22.0,24.9,3.9,8.5,0.457,1.1,2.8,0.37,2.8,5.6,0.501,0.519,0.8,1.0,0.77,0.5,1.6,2.1,2.2,0.7,0.4,0.8,1.8,9.6,13.7,2.7,16.4,etwaun_moore,2.75
9,9,29.0,MEM,NBA,PG,69.0,68.0,33.2,6.7,14.6,0.46,2.5,6.1,0.408,4.2,8.6,0.4970000000000001,0.545,4.6,5.3,0.8590000000000001,0.4,3.0,3.5,6.3,1.3,0.3,2.3,1.8,20.5,31.2,4.6,35.8,mike_conley,2.739130434782609
7,7,29.0,SAC,NBA,PG,68.0,64.0,30.3,5.0,10.5,0.476,1.1,2.6,0.417,3.9,7.9,0.495,0.527,2.2,2.5,0.86,0.3,1.9,2.2,4.6,1.0,0.1,1.7,1.8,13.2,21.0,3.0,24.0,darren_collison,2.705882352941176
2,2,23.0,DAL,NBA,PG,36.0,29.0,29.1,3.9,9.6,0.412,1.7,4.1,0.403,2.3,5.4,0.418,0.499,1.8,2.0,0.877,0.4,2.3,2.8,4.3,1.1,0.2,1.6,2.2,11.3,18.7,3.6,22.3,yogi_ferrell,2.6874999999999996
12,12,30.0,,NBA,PG,68.0,30.0,22.3,3.1,7.9,0.392,1.4,3.7,0.365,1.7,4.2,0.415,0.478,0.3,0.4,0.667,0.3,2.0,2.3,5.1,0.7,0.1,1.9,1.4,7.8,16.400000000000002,2.8000000000000003,19.200000000000006,sergio_rodriguez,2.6842105263157894
2,2,24.0,MIA,NBA,PG,73.0,0.0,29.8,4.9,11.3,0.433,1.3,3.4,0.3720000000000001,3.6,7.9,0.46,0.49,2.7,3.5,0.768,0.7,3.3,4.0,3.2,1.2,0.6,1.2,2.4,13.7,19.6,5.1,24.700000000000006,tyler_johnson,2.666666666666667
5,5,27.0,CHI,NBA,SF,76.0,75.0,37.0,7.5,16.5,0.455,1.2,3.3,0.3670000000000001,6.3,13.2,0.477,0.4920000000000001,7.7,8.9,0.865,1.7,4.5,6.2,5.5,1.9,0.4,2.1,1.5,23.9,34.49999999999999,6.800000000000002,41.3,jimmy_butler,2.619047619047619
3,3,26.0,MIL,NBA,PG,76.0,54.0,26.1,2.7,7.0,0.39,1.0,2.8,0.3670000000000001,1.7,4.2,0.404,0.463,1.1,1.3,0.8540000000000001,0.3,1.6,1.9,4.7,0.7,0.0,1.8,2.0,7.6,15.5,2.3,17.8,matthew_dellavedova,2.611111111111111
6,6,26.0,WAS,NBA,PG,78.0,78.0,36.4,8.3,18.4,0.451,1.1,3.5,0.327,7.2,14.9,0.48,0.482,5.4,6.8,0.8009999999999999,0.8,3.4,4.2,10.7,2.0,0.6,4.1,1.9,23.1,41.2,6.0,47.2,john_wall,2.6097560975609757
22,22,40.0,MEM,NBA,SF,73.0,15.0,24.6,2.6,6.7,0.394,1.5,4.1,0.378,1.1,2.7,0.418,0.508,1.2,1.6,0.765,0.5,2.6,3.1,1.8,0.8,0.5,0.7,2.2,8.0,11.4,3.9,15.3,vince_carter,2.5714285714285716
12,12,31.0,NYK,NBA,SG,77.0,74.0,31.9,4.2,9.1,0.456,1.4,3.5,0.401,2.8,5.6,0.49,0.5329999999999999,1.1,1.3,0.867,0.7,2.7,3.4,2.3,1.1,0.3,0.9,1.8,10.8,15.2,4.1000000000000005,19.3,courtney_lee,2.5555555555555554
9,9,29.0,SAC,NBA,PG,69.0,24.0,25.1,3.4,7.6,0.454,0.5,1.7,0.28800000000000003,2.9,5.9,0.502,0.487,2.5,3.1,0.797,0.6,2.0,2.6,4.8,1.1,0.1,1.9,1.7,9.9,18.200000000000006,3.2,21.4,ty_lawson,2.526315789473684
7,7,26.0,NOP,NBA,PG,67.0,61.0,32.7,6.0,13.3,0.454,1.5,4.2,0.35600000000000004,4.6,9.1,0.498,0.51,1.8,2.5,0.708,0.7,3.3,3.9,7.3,1.5,0.7,2.9,2.0,15.4,27.8,5.5,33.3,jrue_holiday,2.5172413793103448
14,14,31.0,CLE,NBA,SG,41.0,35.0,29.0,3.0,8.7,0.34600000000000003,2.3,6.6,0.35100000000000003,0.7,2.1,0.329,0.479,0.2,0.4,0.667,0.4,2.3,2.8,1.5,1.0,0.3,0.6,1.9,8.6,11.4,3.6,15.0,jr_smith,2.5
3,3,23.0,WAS,NBA,SF,80.0,80.0,32.6,5.2,10.0,0.516,1.9,4.3,0.434,3.3,5.8,0.5760000000000001,0.608,1.2,1.5,0.8320000000000001,1.5,5.0,6.4,1.5,1.5,0.5,0.6,2.4,13.4,17.299999999999994,7.0,24.3,otto_porter,2.5
8,8,30.0,UTA,NBA,PG,49.0,49.0,31.5,5.9,12.4,0.477,1.9,4.8,0.403,4.0,7.6,0.523,0.5539999999999999,3.2,4.0,0.8009999999999999,0.5,2.9,3.4,4.2,1.0,0.2,1.7,2.3,16.9,24.1,4.1,28.2,george_hill,2.4705882352941178
16,16,31.0,HOU,NBA,SF,80.0,80.0,34.7,4.1,10.0,0.409,2.4,6.9,0.344,1.7,3.0,0.556,0.528,1.2,1.6,0.738,0.7,5.1,5.7,2.2,1.8,0.3,0.9,1.7,11.7,15.9,7.199999999999998,23.1,trevor_ariza,2.4444444444444446
12,12,30.0,TOR,NBA,PG,60.0,60.0,37.4,7.1,15.3,0.464,3.2,7.8,0.412,3.9,7.5,0.518,0.569,5.0,6.1,0.8190000000000001,0.8,4.0,4.8,7.0,1.5,0.3,2.9,2.8,22.4,34.300000000000004,5.8,40.1,kyle_lowry,2.413793103448276
13,13,32.0,LAC,NBA,PG,80.0,11.0,21.3,2.8,6.4,0.43,0.6,1.8,0.319,2.2,4.6,0.473,0.475,0.6,0.8,0.7809999999999999,0.4,2.3,2.7,2.4,0.8,0.3,1.0,1.6,6.7,10.9,3.3999999999999995,14.3,raymond_felton,2.4
7,7,26.0,DET,NBA,PG,52.0,50.0,27.4,5.5,13.0,0.419,1.3,3.5,0.359,4.2,9.5,0.442,0.468,2.3,2.6,0.868,0.4,1.8,2.2,5.2,0.7,0.1,2.2,2.5,14.5,23.1,2.6,25.700000000000006,reggie_jackson,2.3636363636363633
8,8,28.0,CHO,NBA,SG,77.0,77.0,34.0,5.1,12.7,0.403,1.8,5.3,0.333,3.4,7.4,0.453,0.472,3.2,3.7,0.856,0.6,5.6,6.2,5.9,1.1,0.4,2.5,1.4,15.1,25.0,7.1,32.1,nicolas_batum,2.3600000000000003
5,5,25.0,TOR,NBA,PG,80.0,22.0,25.0,3.7,8.3,0.452,0.6,1.7,0.35600000000000004,3.1,6.6,0.477,0.489,1.2,1.5,0.77,0.6,2.3,2.9,3.3,0.8,0.2,1.4,1.8,9.3,15.1,3.3,18.4,cory_joseph,2.357142857142857
11,11,26.0,IND,NBA,SG,6.0,0.0,22.0,3.0,7.3,0.409,0.8,1.3,0.625,2.2,6.0,0.361,0.466,0.3,0.5,0.667,0.2,3.8,4.0,4.2,0.5,0.3,1.8,2.0,7.2,14.0,4.6,18.6,lance_stephenson,2.3333333333333335
0,0,22.0,MEM,NBA,PG,72.0,18.0,20.5,1.6,5.0,0.325,0.6,2.2,0.276,1.0,2.8,0.363,0.385,2.1,2.7,0.763,0.3,1.6,1.9,2.8,0.7,0.3,1.2,2.7,5.9,10.6,2.6,13.2,andrew_harrison,2.3333333333333335
5,5,24.0,CLE,NBA,PG,72.0,72.0,35.1,9.3,19.7,0.473,2.5,6.1,0.401,6.9,13.6,0.505,0.535,4.1,4.6,0.905,0.7,2.5,3.2,5.8,1.2,0.3,2.5,2.2,25.2,35.0,4.0,39.0,kyrie_irving,2.32
12,12,28.0,,NBA,SG,19.0,0.0,23.3,5.5,11.5,0.482,1.9,5.0,0.389,3.6,6.5,0.5529999999999999,0.5670000000000001,1.1,1.4,0.769,0.2,1.6,1.8,3.0,0.6,0.1,1.3,1.6,14.1,19.0,2.3000000000000003,21.3,jordan_crawford,2.3076923076923075
2,2,22.0,BOS,NBA,SG,79.0,24.0,30.4,3.4,9.5,0.359,1.2,4.2,0.28300000000000003,2.2,5.3,0.42,0.422,2.6,3.2,0.812,1.0,2.9,3.9,4.6,1.6,0.4,2.0,2.4,10.6,18.8,4.9,23.7,marcus_smart,2.3
0,0,25.0,MIA,NBA,SG,78.0,65.0,25.2,2.4,5.9,0.413,0.9,2.8,0.332,1.5,3.1,0.488,0.4920000000000001,0.6,0.9,0.62,1.2,2.1,3.3,1.6,0.6,0.2,0.7,1.8,6.4,10.1,2.9000000000000004,13.000000000000002,rodney_mcgruder,2.285714285714286
3,3,23.0,DET,NBA,SG,76.0,75.0,33.3,4.9,12.2,0.399,2.0,5.8,0.35,2.9,6.5,0.442,0.481,2.0,2.4,0.8320000000000001,0.7,2.5,3.3,2.5,1.2,0.2,1.1,1.6,13.8,18.4,3.9,22.3,kentavious_caldwell_pope,2.2727272727272725
4,4,26.0,POR,NBA,PG,75.0,75.0,35.9,8.8,19.8,0.444,2.9,7.7,0.37,6.0,12.1,0.4920000000000001,0.516,6.5,7.3,0.895,0.6,4.3,4.9,5.9,0.9,0.3,2.6,2.0,27.0,36.8,5.5,42.3,damian_lillard,2.269230769230769
2,2,22.0,DEN,NBA,SG,57.0,56.0,31.3,5.6,11.2,0.502,1.9,4.5,0.42,3.7,6.7,0.5579999999999999,0.586,1.8,2.4,0.7759999999999999,0.8,2.3,3.1,2.9,1.2,0.1,1.3,1.6,14.9,20.2,3.6,23.8,gary_harris,2.230769230769231
9,9,30.0,CHO,NBA,SG,74.0,0.0,24.0,3.6,8.3,0.429,1.4,3.8,0.36,2.2,4.5,0.488,0.512,2.0,2.3,0.893,0.2,2.2,2.4,2.0,0.6,0.1,0.9,1.2,10.5,13.8,2.9000000000000004,16.7,marco_belinelli,2.2222222222222223
9,9,29.0,MIA,NBA,SG,62.0,13.0,24.2,3.7,9.0,0.416,2.4,6.4,0.378,1.3,2.6,0.509,0.55,0.6,0.7,0.86,0.3,1.8,2.1,1.1,0.6,0.1,0.5,1.1,10.5,12.5,2.5,15.0,wayne_ellington,2.2
1,1,23.0,CHO,NBA,C,75.0,16.0,26.1,4.3,10.7,0.399,1.5,4.7,0.328,2.7,6.0,0.455,0.471,1.6,2.1,0.7559999999999999,0.8,3.7,4.5,2.2,0.6,0.5,1.0,1.9,11.7,15.9,4.8,20.7,frank_kaminsky,2.2
7,7,28.0,GSW,NBA,PG,79.0,79.0,33.4,8.5,18.3,0.468,4.1,10.0,0.411,4.4,8.3,0.537,0.58,4.1,4.6,0.898,0.8,3.7,4.5,6.6,1.8,0.2,3.0,2.3,25.3,36.3,5.7,42.0,stephen_curry,2.1999999999999997
9,9,28.0,GSW,NBA,SF,62.0,62.0,33.4,8.9,16.5,0.537,1.9,5.0,0.375,7.0,11.5,0.608,0.594,5.4,6.2,0.875,0.6,7.6,8.3,4.8,1.1,1.6,2.2,1.9,25.1,33.099999999999994,10.3,43.39999999999999,kevin_durant,2.1818181818181817
13,13,30.0,,NBA,SG,65.0,21.0,26.6,2.8,6.6,0.424,1.3,3.4,0.373,1.6,3.3,0.476,0.519,0.9,1.1,0.784,0.5,2.3,2.8,2.6,1.3,0.4,1.2,2.2,7.8,12.3,4.0,16.3,garrett_temple,2.166666666666667
1,1,23.0,MIA,NBA,SG,53.0,34.0,30.5,3.8,9.7,0.394,1.4,4.3,0.33,2.4,5.4,0.444,0.467,1.1,1.5,0.779,0.7,2.5,3.2,2.6,1.1,0.7,1.2,2.5,10.2,14.900000000000002,4.3,19.200000000000006,josh_richardson,2.166666666666667
8,8,28.0,POR,NBA,SF,65.0,12.0,25.5,3.6,8.5,0.426,0.5,1.8,0.263,3.1,6.7,0.47,0.454,1.3,1.6,0.825,0.6,3.2,3.8,3.2,0.8,0.4,1.5,1.9,9.0,14.5,4.4,18.9,evan_turner,2.1333333333333333
6,6,27.0,LAC,NBA,PF,61.0,61.0,34.0,7.9,15.9,0.493,0.6,1.9,0.336,7.2,14.1,0.514,0.513,5.2,6.9,0.76,1.8,6.3,8.1,4.9,0.9,0.4,2.3,2.6,21.6,30.9,7.6,38.5,blake_griffin,2.130434782608696
1,1,21.0,DEN,NBA,C,73.0,59.0,27.9,6.8,11.7,0.578,0.6,1.9,0.324,6.2,9.8,0.628,0.605,2.6,3.1,0.825,2.9,6.9,9.8,4.9,0.8,0.8,2.3,2.9,16.7,27.1,8.5,35.59999999999999,nikola_jokic,2.130434782608696
6,6,26.0,DEN,NBA,SG,60.0,19.0,28.4,4.9,11.1,0.443,1.5,3.9,0.37,3.5,7.2,0.483,0.508,2.4,3.2,0.753,1.0,3.4,4.3,3.4,0.8,0.5,1.6,1.8,13.7,19.9,4.7,24.6,will_barton,2.125
6,6,28.0,BRK,NBA,PG,36.0,33.0,24.5,4.9,11.1,0.438,1.6,4.3,0.3720000000000001,3.3,6.8,0.48,0.51,3.2,3.9,0.816,0.3,3.4,3.8,5.1,1.2,0.4,2.4,2.2,14.5,22.6,5.0,27.6,jeremy_lin,2.125
13,13,32.0,CLE,NBA,SF,74.0,74.0,37.8,9.9,18.2,0.5479999999999999,1.7,4.6,0.363,8.3,13.5,0.611,0.594,4.8,7.2,0.674,1.3,7.3,8.6,8.7,1.2,0.6,4.1,1.8,26.4,40.99999999999999,9.1,50.1,lebron_james,2.1219512195121952
15,15,32.0,CLE,NBA,PG,24.0,4.0,20.3,2.8,6.1,0.463,0.9,2.2,0.415,1.9,3.9,0.489,0.537,0.9,1.0,0.84,0.0,1.8,1.9,3.6,0.3,0.3,1.7,1.8,7.5,13.0,2.4,15.4,derrick_williams,2.1176470588235294
15,15,32.0,CLE,NBA,PG,24.0,4.0,20.3,2.8,6.1,0.463,0.9,2.2,0.415,1.9,3.9,0.489,0.537,0.9,1.0,0.84,0.0,1.8,1.9,3.6,0.3,0.3,1.7,1.8,7.5,13.0,2.4,15.4,deron_williams,2.1176470588235294
7,7,27.0,BOS,NBA,PG,76.0,76.0,33.8,9.0,19.4,0.463,3.2,8.5,0.379,5.8,10.9,0.528,0.546,7.8,8.5,0.909,0.6,2.1,2.7,5.9,0.9,0.2,2.8,2.2,28.9,38.5,3.2,41.7,isaiah_thomas,2.107142857142857
8,8,32.0,MEM,NBA,C,74.0,74.0,34.2,7.2,15.7,0.459,1.4,3.6,0.388,5.8,12.1,0.48,0.503,3.8,4.5,0.8370000000000001,0.8,5.5,6.3,4.6,0.9,1.3,2.2,2.3,19.5,27.3,7.7,35.0,marc_gasol,2.0909090909090904
5,5,26.0,DAL,NBA,PG,70.0,42.0,29.0,4.8,10.0,0.481,2.0,4.6,0.425,2.9,5.4,0.528,0.578,1.2,1.4,0.85,0.4,2.2,2.6,2.7,1.1,0.1,1.3,1.8,12.8,17.3,3.4000000000000004,20.700000000000006,seth_curry,2.076923076923077
2,2,29.0,UTA,NBA,SF,82.0,26.0,24.0,2.5,5.5,0.452,1.5,3.4,0.441,1.0,2.1,0.471,0.589,0.6,0.8,0.735,0.3,2.9,3.2,2.7,1.2,0.1,1.3,2.0,7.1,11.5,4.199999999999998,15.7,joe_ingles,2.076923076923077
7,7,30.0,DAL,NBA,SG,73.0,73.0,34.2,4.6,11.6,0.393,2.4,6.6,0.363,2.2,5.0,0.4320000000000001,0.496,2.0,2.5,0.816,0.2,3.3,3.5,2.9,1.1,0.2,1.4,2.2,13.5,18.1,4.6000000000000005,22.700000000000006,wesley_matthews,2.0714285714285716
1,1,20.0,MIA,NBA,SF,18.0,15.0,34.7,4.4,12.5,0.35600000000000004,0.4,1.9,0.2,4.1,10.6,0.384,0.371,1.6,2.6,0.617,1.3,3.9,5.2,3.7,1.4,0.3,1.8,2.9,10.9,17.8,5.6,23.4,justise_winslow,2.055555555555556
19,19,35.0,UTA,NBA,SF,78.0,14.0,23.6,3.5,8.0,0.436,1.4,3.3,0.411,2.1,4.7,0.454,0.521,0.8,1.0,0.818,0.4,2.7,3.1,1.8,0.5,0.2,0.9,1.2,9.2,12.3,3.4000000000000004,15.7,joe_johnson,2.0
4,4,23.0,CHO,NBA,SF,81.0,81.0,29.0,3.6,7.6,0.477,0.0,0.1,0.111,3.6,7.5,0.483,0.478,1.9,2.4,0.784,1.9,5.0,7.0,1.4,1.0,1.0,0.7,2.3,9.2,13.2,7.0,20.2,michael_kidd_gilchrist,2.0
12,12,30.0,MIA,NBA,PG,73.0,73.0,33.7,7.3,15.4,0.475,1.6,4.0,0.405,5.7,11.4,0.499,0.527,4.1,5.2,0.79,0.8,3.0,3.8,5.8,1.2,0.2,2.9,2.7,20.3,29.800000000000004,4.4,34.2,goran_dragic,2.0
10,10,27.0,TOR,NBA,PF,65.0,8.0,24.6,2.4,5.9,0.401,1.4,3.9,0.3720000000000001,0.9,2.0,0.458,0.523,0.7,0.9,0.7170000000000001,1.0,3.6,4.5,1.2,0.6,0.4,0.6,1.8,6.8,9.6,4.6000000000000005,14.2,patrick_patterson,2.0
6,6,26.0,BOS,NBA,SF,72.0,72.0,32.4,4.6,10.0,0.463,2.2,5.5,0.398,2.4,4.5,0.54,0.5720000000000001,2.4,3.0,0.8109999999999999,0.7,5.1,5.8,2.2,1.0,0.3,1.1,2.2,13.9,17.9,6.4,24.3,jae_crowder,2.0
7,7,27.0,HOU,NBA,PG,81.0,81.0,36.4,8.3,18.9,0.44,3.2,9.3,0.34700000000000003,5.1,9.6,0.53,0.525,9.2,10.9,0.847,1.2,7.0,8.1,11.2,1.5,0.5,5.7,2.7,29.1,47.0,9.0,56.0,james_harden,1.9649122807017543
6,6,25.0,MIA,NBA,SG,46.0,43.0,30.1,6.1,14.4,0.424,1.8,4.7,0.395,4.3,9.7,0.438,0.488,1.8,2.8,0.6459999999999999,0.4,2.9,3.3,4.3,0.9,0.4,2.2,2.1,15.8,22.6,4.2,26.8,dion_waiters,1.9545454545454544
8,8,28.0,OKC,NBA,PG,81.0,81.0,34.6,10.2,24.0,0.425,2.5,7.2,0.343,7.7,16.8,0.459,0.476,8.8,10.4,0.845,1.7,9.0,10.7,10.4,1.6,0.4,5.4,2.3,31.6,48.7,11.0,59.7,russell_westbrook,1.9259259259259258
17,17,36.0,GSW,NBA,SF,20.0,5.0,20.5,1.9,4.5,0.422,0.9,2.6,0.34600000000000003,1.0,1.9,0.526,0.522,1.0,1.2,0.87,0.8,3.8,4.6,2.3,0.6,0.5,1.2,2.4,5.7,9.9,4.9,14.8,matt_barnes,1.9166666666666665
8,8,28.0,,NBA,PG,64.0,64.0,32.5,7.2,15.3,0.471,0.2,0.9,0.217,7.0,14.3,0.487,0.477,3.5,4.0,0.8740000000000001,1.0,2.8,3.8,4.4,0.7,0.3,2.3,1.3,18.0,25.5,3.8,29.3,derrick_rose,1.9130434782608698
3,3,23.0,ATL,NBA,PG,79.0,78.0,31.5,6.9,15.4,0.451,1.3,3.7,0.34,5.7,11.6,0.487,0.493,2.8,3.2,0.855,0.5,2.6,3.1,6.3,0.9,0.2,3.3,1.9,17.9,27.7,3.7,31.4,dennis_schroder,1.9090909090909092
0,0,22.0,BRK,NBA,SF,57.0,26.0,21.7,3.0,6.7,0.45,1.0,3.2,0.321,2.0,3.4,0.5710000000000001,0.528,1.2,1.6,0.72,0.4,2.9,3.3,1.9,0.9,0.1,1.0,1.6,8.2,11.4,3.9,15.3,caris_levert,1.9
12,12,32.0,ATL,NBA,SF,62.0,42.0,25.7,2.8,6.4,0.441,0.7,1.9,0.342,2.1,4.4,0.484,0.4920000000000001,0.9,1.2,0.733,0.9,3.5,4.4,1.7,1.5,0.5,0.9,1.6,7.2,10.6,5.5,16.1,thabo_sefolosha,1.8888888888888888
3,3,22.0,MIL,NBA,SF,80.0,80.0,35.6,8.2,15.7,0.521,0.6,2.3,0.272,7.6,13.5,0.563,0.541,5.9,7.7,0.77,1.8,7.0,8.8,5.4,1.6,1.9,2.9,3.1,22.9,32.6,10.5,43.1,giannis_antetokounmpo,1.8620689655172415
11,11,31.0,SAC,NBA,SG,61.0,45.0,25.9,3.0,6.9,0.44,1.0,2.5,0.411,2.0,4.4,0.457,0.514,1.4,1.5,0.892,0.1,1.9,2.0,1.3,0.3,0.1,0.7,1.7,8.4,10.400000000000002,2.3,12.700000000000005,arron_afflalo,1.8571428571428574
6,6,27.0,PHO,NBA,PG,66.0,66.0,33.0,6.8,15.7,0.434,1.6,4.7,0.335,5.2,11.0,0.477,0.485,5.9,6.9,0.847,0.8,4.1,4.8,6.3,1.4,0.5,3.4,2.5,21.1,31.1,6.0,37.1,eric_bledsoe,1.8529411764705883
6,6,26.0,UTA,NBA,SF,73.0,73.0,34.5,7.5,15.8,0.471,2.0,5.1,0.398,5.4,10.7,0.506,0.536,5.0,5.9,0.8440000000000001,0.7,4.7,5.4,3.5,1.0,0.3,1.9,1.6,21.9,27.7,6.0,33.7,gordon_hayward,1.842105263157895
12,12,31.0,,NBA,SF,24.0,4.0,25.4,2.2,5.3,0.406,1.0,2.5,0.4,1.2,2.8,0.412,0.5,0.5,0.7,0.688,1.0,4.4,5.4,1.1,1.3,0.2,0.6,2.2,5.8,8.4,5.9,14.3,pj_tucker,1.8333333333333335
7,7,27.0,DET,NBA,SF,79.0,79.0,32.5,5.3,12.7,0.418,1.5,4.5,0.331,3.8,8.2,0.466,0.477,1.8,2.3,0.784,1.0,3.7,4.6,2.0,0.7,0.3,1.1,2.1,14.0,17.9,4.7,22.6,marcus_morris,1.8181818181818181
11,11,29.0,BOS,NBA,PF,80.0,77.0,20.1,2.7,4.6,0.5760000000000001,0.3,0.8,0.409,2.3,3.8,0.612,0.612,0.8,1.3,0.67,1.5,3.1,4.6,1.8,0.6,0.8,1.0,2.6,6.5,10.6,4.5,15.1,amir_johnson,1.8
3,3,25.0,NOP,NBA,SF,80.0,71.0,29.7,2.3,6.0,0.383,1.2,3.4,0.348,1.1,2.6,0.428,0.481,1.3,1.6,0.805,0.6,3.2,3.8,1.8,0.9,0.4,1.0,2.3,7.0,10.2,4.500000000000001,14.7,solomon_hill,1.8
13,13,31.0,IND,NBA,SG,74.0,33.0,27.0,3.3,7.5,0.443,0.6,1.8,0.319,2.8,5.7,0.483,0.482,1.3,1.7,0.727,0.3,2.5,2.8,3.2,1.1,0.4,1.8,2.0,8.5,13.4,4.0,17.4,monta_ellis,1.777777777777778
1,1,20.0,DEN,NBA,PG,55.0,41.0,25.6,3.8,10.0,0.377,1.0,3.2,0.315,2.8,6.8,0.408,0.428,2.4,3.0,0.784,0.5,2.7,3.2,3.9,0.7,0.2,2.2,1.7,11.0,17.1,3.6000000000000005,20.700000000000006,emmanuel_mudiay,1.7727272727272725
17,17,36.0,SAS,NBA,C,64.0,39.0,25.4,4.7,9.4,0.502,0.9,1.6,0.5379999999999999,3.9,7.8,0.494,0.5479999999999999,2.0,2.9,0.7070000000000001,1.7,6.2,7.8,2.3,0.4,1.1,1.3,1.7,12.4,17.4,7.700000000000001,25.1,pau_gasol,1.769230769230769
4,4,23.0,WAS,NBA,SG,77.0,77.0,34.9,8.3,17.2,0.482,2.9,7.2,0.404,5.4,10.0,0.5379999999999999,0.5660000000000001,3.7,4.4,0.825,0.7,2.4,3.1,3.5,1.1,0.3,2.0,2.2,23.1,28.8,3.8,32.6,bradley_beal,1.75
6,6,24.0,LAC,NBA,SG,74.0,29.0,27.8,4.4,9.9,0.442,1.5,4.0,0.371,2.9,5.8,0.491,0.518,1.8,2.6,0.691,0.3,1.9,2.2,2.8,0.6,0.1,1.6,2.5,12.0,16.299999999999994,2.6,18.9,austin_rivers,1.7499999999999998
10,10,26.0,UTA,NBA,PG,55.0,9.0,21.9,3.1,6.9,0.446,0.7,2.2,0.308,2.4,4.7,0.51,0.495,1.0,1.4,0.688,0.4,1.9,2.3,2.8,0.8,0.1,1.6,1.8,7.8,12.2,2.8000000000000003,15.000000000000002,shelvin_mack,1.7499999999999998
5,5,26.0,ORL,NBA,C,75.0,55.0,28.8,6.4,13.7,0.468,0.3,1.0,0.307,6.1,12.7,0.481,0.48,1.4,2.1,0.669,2.3,8.0,10.4,2.8,1.0,1.0,1.6,2.4,14.6,20.9,10.0,30.9,nikola_vucevic,1.7499999999999998
11,11,31.0,PHO,NBA,PF,64.0,7.0,21.3,2.5,5.4,0.454,1.2,3.2,0.379,1.3,2.2,0.5589999999999999,0.565,0.7,1.0,0.662,0.5,3.0,3.5,1.9,0.7,0.3,1.1,2.4,6.8,10.0,4.0,14.0,jared_dudley,1.727272727272727
2,2,21.0,ORL,NBA,SF,80.0,72.0,28.7,4.9,10.8,0.454,1.0,3.3,0.28800000000000003,4.0,7.5,0.528,0.499,2.0,2.7,0.7190000000000001,1.5,3.6,5.1,1.9,0.8,0.5,1.1,2.2,12.7,16.9,4.9,21.8,aaron_gordon,1.727272727272727
3,3,25.0,MIL,NBA,SG,80.0,80.0,29.2,3.1,6.8,0.455,1.8,4.4,0.406,1.3,2.3,0.5479999999999999,0.588,0.6,0.7,0.81,0.3,2.8,3.1,1.2,0.7,0.2,0.7,1.6,8.5,10.5,3.7,14.2,tony_snell,1.7142857142857144
1,1,20.0,LAL,NBA,PG,63.0,60.0,28.7,5.6,13.8,0.405,2.1,6.1,0.35200000000000004,3.4,7.7,0.447,0.483,2.3,3.0,0.782,0.5,3.0,3.5,4.8,1.4,0.3,2.8,2.1,15.6,22.9,4.7,27.6,dangelo_russell,1.7142857142857144
9,9,31.0,NYK,NBA,C,46.0,46.0,22.1,2.2,4.4,0.49,0.0,0.0,0.0,2.2,4.4,0.493,0.49,0.7,1.7,0.436,3.5,5.2,8.8,2.2,0.7,0.8,1.3,2.8,5.0,11.6,6.7,18.3,joakim_noah,1.6923076923076923
8,8,31.0,MIN,NBA,SG,47.0,33.0,21.9,1.5,4.0,0.374,0.9,2.4,0.386,0.6,1.6,0.35600000000000004,0.4920000000000001,0.3,0.4,0.722,0.3,1.8,2.1,1.0,0.5,0.5,0.6,0.9,4.2,5.9,2.8,8.7,brandon_rush,1.6666666666666667
11,11,31.0,LAL,NBA,SG,60.0,60.0,25.9,4.5,10.6,0.43,2.8,7.0,0.404,1.7,3.5,0.481,0.564,1.3,1.5,0.856,0.4,1.9,2.3,1.0,0.6,0.2,0.6,2.3,13.2,15.0,2.7,17.7,nick_young,1.6666666666666667
5,5,25.0,SAS,NBA,SF,74.0,74.0,33.4,8.6,17.7,0.485,2.0,5.2,0.38,6.6,12.5,0.529,0.541,6.3,7.2,0.88,1.1,4.7,5.8,3.5,1.8,0.7,2.1,1.6,25.5,31.5,7.2,38.7,kawhi_leonard,1.6666666666666665
7,7,27.0,DET,NBA,PF,75.0,34.0,25.9,4.1,8.6,0.48,0.7,2.2,0.293,3.5,6.4,0.545,0.518,1.3,1.5,0.867,1.4,4.0,5.4,1.5,0.4,0.3,0.9,1.9,10.2,13.7,4.7,18.4,jon_leuer,1.6666666666666665
2,2,21.0,MIN,NBA,SG,47.0,47.0,37.2,6.9,15.1,0.459,2.6,6.6,0.387,4.4,8.5,0.515,0.544,2.5,3.0,0.836,0.4,3.0,3.4,3.0,0.9,0.2,1.8,2.2,18.9,23.5,4.1,27.599999999999994,zach_lavine,1.6666666666666665
18,18,38.0,DAL,NBA,PF,54.0,54.0,26.4,5.5,12.6,0.4370000000000001,1.5,3.9,0.378,4.0,8.7,0.463,0.495,1.8,2.1,0.875,0.4,6.1,6.5,1.5,0.6,0.7,0.9,2.1,14.2,16.7,7.399999999999999,24.1,dirk_nowitzki,1.6666666666666665
13,13,35.0,CHI,NBA,SG,60.0,59.0,29.9,6.9,15.9,0.434,0.8,2.4,0.31,6.2,13.5,0.456,0.457,3.7,4.7,0.794,1.1,3.5,4.5,3.8,1.4,0.7,2.3,1.9,18.3,24.7,5.6000000000000005,30.3,dwyane_wade,1.6521739130434783
3,3,25.0,POR,NBA,SG,80.0,80.0,35.0,8.7,18.0,0.48,2.3,5.5,0.421,6.3,12.5,0.506,0.544,3.4,3.7,0.912,0.8,2.9,3.6,3.6,0.9,0.5,2.2,2.5,23.0,28.8,4.3,33.1,cj_mccollum,1.6363636363636362
18,18,36.0,LAC,NBA,SG,82.0,1.0,26.3,4.4,10.6,0.413,1.4,3.9,0.36,3.0,6.7,0.443,0.479,2.1,2.5,0.857,0.2,1.4,1.6,2.6,0.7,0.2,1.6,1.4,12.3,16.1,2.3,18.4,jamal_crawford,1.625
7,7,27.0,TOR,NBA,SG,74.0,74.0,35.4,9.7,20.9,0.467,0.4,1.7,0.266,9.3,19.2,0.484,0.477,7.4,8.7,0.8420000000000001,0.9,4.3,5.2,3.9,1.1,0.2,2.4,1.8,27.3,33.6,5.6000000000000005,39.2,demar_derozan,1.625
14,14,31.0,LAL,NBA,SF,56.0,49.0,26.5,2.9,7.6,0.387,0.9,2.9,0.309,2.0,4.6,0.436,0.447,0.8,1.1,0.73,1.1,4.1,5.3,1.3,0.9,0.4,0.8,1.1,7.6,10.5,5.4,15.9,luol_deng,1.625
10,10,28.0,,NBA,SF,63.0,63.0,33.9,5.3,11.9,0.447,2.0,5.1,0.389,3.3,6.8,0.491,0.531,5.5,6.1,0.902,0.6,4.5,5.2,2.1,0.6,0.2,1.3,1.5,18.2,21.7,5.3,27.0,danilo_gallinari,1.6153846153846154
10,10,31.0,ATL,NBA,PF,69.0,67.0,34.0,6.2,14.1,0.442,1.1,3.5,0.311,5.1,10.6,0.486,0.481,4.5,5.9,0.768,1.6,6.1,7.7,3.7,1.3,0.9,2.3,2.7,18.1,24.8,8.299999999999999,33.1,paul_millsap,1.6086956521739133
10,10,31.0,ATL,NBA,PF,69.0,67.0,34.0,6.2,14.1,0.442,1.1,3.5,0.311,5.1,10.6,0.486,0.481,4.5,5.9,0.768,1.6,6.1,7.7,3.7,1.3,0.9,2.3,2.7,18.1,24.8,8.299999999999999,33.1,patty_mills,1.6086956521739133
3,3,24.0,CHO,NBA,PF,62.0,58.0,27.8,4.1,7.1,0.5710000000000001,0.0,0.0,0.0,4.1,7.1,0.5720000000000001,0.5710000000000001,2.1,3.2,0.679,2.2,4.4,6.5,1.6,1.0,0.9,1.0,3.0,10.3,14.7,6.300000000000002,21.0,cody_zeller,1.6
7,7,28.0,NYK,NBA,PF,46.0,15.0,21.0,2.1,5.3,0.398,0.8,1.8,0.447,1.3,3.5,0.371,0.475,0.9,1.1,0.843,0.7,2.4,3.1,0.8,0.5,0.1,0.5,1.8,6.0,7.800000000000002,3.0,10.8,lance_thomas,1.6
0,0,23.0,PHI,NBA,PF,6.0,1.0,26.2,4.2,9.0,0.463,1.0,3.2,0.316,3.2,5.8,0.5429999999999999,0.519,1.3,1.7,0.8,1.8,3.0,4.8,0.8,0.5,0.3,0.5,2.3,10.7,13.6,3.8,17.4,alex_poythress,1.6
9,9,29.0,MIA,NBA,PF,76.0,5.0,27.4,4.8,10.1,0.479,1.1,3.4,0.34,3.7,6.8,0.5479999999999999,0.535,2.0,2.8,0.7070000000000001,0.9,4.1,4.9,3.6,1.0,1.1,2.3,2.6,12.8,18.6,6.199999999999998,24.8,james_johnson,1.565217391304348
2,2,22.0,LAL,NBA,PF,74.0,73.0,28.8,5.1,10.4,0.488,0.2,0.9,0.27,4.9,9.6,0.507,0.499,2.8,3.8,0.723,2.0,6.6,8.6,3.6,0.7,0.5,2.3,3.4,13.2,20.1,7.8,27.9,julius_randle,1.565217391304348
8,8,28.0,HOU,NBA,SG,75.0,15.0,31.0,5.5,13.5,0.406,3.3,8.8,0.3720000000000001,2.2,4.7,0.468,0.527,2.0,2.3,0.84,0.4,2.3,2.7,2.5,0.6,0.5,1.6,2.0,16.2,20.0,3.4,23.4,eric_gordon,1.5625
2,2,21.0,MIL,NBA,PF,51.0,50.0,33.9,7.8,16.0,0.49,1.3,3.5,0.365,6.5,12.5,0.525,0.53,3.2,4.3,0.743,1.5,4.6,6.2,2.8,1.0,0.4,1.8,2.2,20.1,25.4,6.0,31.4,jabari_parker,1.5555555555555554
4,4,25.0,MIL,NBA,SF,29.0,23.0,30.7,5.2,11.5,0.45,1.6,3.6,0.433,3.6,7.9,0.459,0.518,2.8,3.2,0.88,0.4,3.9,4.2,3.4,1.4,0.2,2.2,2.7,14.7,19.7,5.5,25.2,khris_middleton,1.5454545454545452
3,3,25.0,BOS,NBA,C,75.0,6.0,20.5,3.5,6.8,0.512,0.9,2.6,0.354,2.6,4.2,0.608,0.579,1.2,1.6,0.732,1.0,3.8,4.8,2.0,0.6,0.4,1.3,2.8,9.0,12.7,4.8,17.5,kelly_olynyk,1.5384615384615383
5,5,26.0,DEN,NBA,C,27.0,10.0,23.4,3.7,6.7,0.547,0.0,0.0,0.0,3.7,6.7,0.55,0.547,1.7,2.8,0.618,1.9,4.6,6.4,2.6,0.7,1.1,1.7,2.9,9.1,14.5,6.4,20.9,mason_plumlee,1.5294117647058825
5,5,26.0,DEN,NBA,C,27.0,10.0,23.4,3.7,6.7,0.547,0.0,0.0,0.0,3.7,6.7,0.55,0.547,1.7,2.8,0.618,1.9,4.6,6.4,2.6,0.7,1.1,1.7,2.9,9.1,14.5,6.4,20.9,marshall_plumlee,1.5294117647058825
0,0,19.0,DEN,NBA,SG,82.0,10.0,21.5,3.6,8.9,0.404,1.4,4.2,0.334,2.2,4.7,0.466,0.483,1.3,1.5,0.883,0.5,2.1,2.6,2.1,0.6,0.3,1.4,1.5,9.9,13.2,3.0,16.200000000000006,jamal_murray,1.5000000000000002
7,7,25.0,PHO,NBA,SG,54.0,5.0,21.1,3.9,9.7,0.398,0.8,2.6,0.324,3.0,7.1,0.425,0.441,2.4,2.9,0.857,0.5,1.7,2.2,2.4,0.5,0.1,1.6,1.6,11.0,14.7,2.3000000000000003,17.0,brandon_knight,1.4999999999999998
3,3,24.0,POR,NBA,SG,79.0,7.0,28.5,3.8,8.2,0.468,1.7,3.8,0.444,2.1,4.4,0.49,0.5720000000000001,1.3,1.6,0.847,0.2,2.6,2.9,1.2,0.7,0.3,0.8,2.2,10.7,12.499999999999998,3.6,16.099999999999998,allen_crabbe,1.4999999999999998
9,9,29.0,NOP,NBA,SF,66.0,35.0,25.0,2.6,5.4,0.485,1.1,2.7,0.392,1.6,2.7,0.579,0.584,0.2,0.4,0.593,0.8,3.3,4.2,0.6,0.6,0.4,0.4,1.5,6.6,8.2,4.3,12.5,dante_cunningham,1.4999999999999998
9,9,27.0,SAC,NBA,SF,14.0,6.0,22.4,4.2,10.2,0.413,1.5,3.4,0.438,2.7,6.8,0.4,0.486,1.7,2.4,0.706,0.5,3.1,3.6,2.4,0.9,0.4,1.6,1.4,11.6,15.3,4.4,19.7,tyreke_evans,1.4999999999999998
2,2,23.0,PHI,NBA,SG,80.0,27.0,27.4,3.1,7.9,0.396,1.7,4.5,0.368,1.5,3.4,0.433,0.5,1.5,1.9,0.813,0.3,2.6,2.8,2.4,0.6,0.4,1.6,1.8,9.5,13.0,3.6,16.6,nik_stauskas,1.4999999999999998
3,3,27.0,MIN,NBA,PF,82.0,82.0,32.4,4.0,8.1,0.502,0.2,0.5,0.3720000000000001,3.9,7.5,0.511,0.514,1.7,2.0,0.8140000000000001,2.3,5.6,7.9,1.9,1.1,1.2,1.3,3.1,10.0,14.8,7.899999999999999,22.7,gorgui_dieng,1.4615384615384615
2,2,24.0,UTA,NBA,SG,59.0,55.0,27.0,4.6,11.3,0.408,1.9,5.2,0.371,2.7,6.1,0.44,0.494,1.5,1.9,0.7829999999999999,0.3,3.2,3.4,1.6,0.6,0.2,1.1,2.2,12.7,15.1,4.0,19.1,rodney_hood,1.4545454545454546
3,3,24.0,OKC,NBA,SG,67.0,67.0,33.2,6.1,13.9,0.442,1.9,5.3,0.361,4.3,8.7,0.491,0.51,1.7,2.3,0.753,0.6,3.8,4.3,2.6,1.2,0.3,1.8,2.3,15.9,19.9,5.3,25.2,victor_oladipo,1.4444444444444444
12,12,28.0,PHI,NBA,PG,3.0,1.0,23.7,3.7,10.7,0.344,0.7,1.7,0.4,3.0,9.0,0.333,0.375,3.0,3.3,0.9,1.0,3.0,4.0,4.3,0.0,0.0,3.0,1.3,11.0,17.6,3.0,20.6,jerryd_bayless,1.4333333333333333
17,17,36.0,CLE,NBA,SF,79.0,13.0,20.4,1.9,4.3,0.446,0.8,2.4,0.333,1.2,2.0,0.58,0.536,1.0,1.4,0.741,0.4,2.2,2.6,1.0,0.3,0.1,0.7,1.9,5.7,7.399999999999999,2.6,10.0,richard_jefferson,1.4285714285714286
4,4,24.0,ORL,NBA,SG,68.0,66.0,32.9,6.0,13.7,0.439,1.9,5.3,0.35600000000000004,4.1,8.4,0.491,0.508,3.3,4.1,0.805,0.6,2.4,3.1,3.0,1.0,0.1,2.1,2.6,17.2,21.7,3.5,25.2,evan_fournier,1.4285714285714286
6,6,27.0,ATL,NBA,SF,73.0,64.0,26.9,4.0,9.9,0.409,1.3,3.6,0.34600000000000003,2.8,6.2,0.446,0.473,1.6,2.3,0.708,0.6,2.5,3.2,2.4,1.2,0.7,1.7,2.3,11.0,14.7,4.4,19.1,kent_bazemore,1.411764705882353
13,13,30.0,HOU,NBA,SG,23.0,0.0,25.7,4.4,11.5,0.386,1.8,5.6,0.318,2.7,5.9,0.452,0.464,4.3,4.9,0.867,0.5,2.5,3.0,2.4,0.7,0.4,1.7,1.1,14.9,18.5,3.6,22.1,lou_williams,1.411764705882353
0,0,19.0,LAL,NBA,SF,79.0,40.0,28.8,3.5,8.7,0.402,0.7,2.4,0.294,2.8,6.3,0.443,0.442,1.7,2.7,0.621,0.8,3.2,4.0,2.1,0.6,0.5,1.5,2.0,9.4,12.9,4.300000000000002,17.200000000000006,brandon_ingram,1.4000000000000001
7,7,26.0,CLE,NBA,SG,76.0,31.0,25.5,2.6,6.4,0.411,1.2,3.4,0.36,1.4,3.0,0.469,0.507,0.9,1.2,0.789,0.5,2.4,2.9,1.4,0.8,0.4,1.0,2.0,7.5,9.8,3.6,13.4,iman_shumpert,1.4
15,15,32.0,NYK,NBA,SF,74.0,74.0,34.3,8.1,18.8,0.433,2.0,5.7,0.359,6.1,13.1,0.466,0.488,4.1,4.9,0.833,0.8,5.1,5.9,2.9,0.8,0.5,2.1,2.7,22.4,26.9,6.4,33.3,carmelo_anthony,1.380952380952381
6,6,26.0,BOS,NBA,SG,55.0,55.0,33.4,6.5,14.1,0.463,2.0,5.0,0.39,4.6,9.1,0.504,0.5329999999999999,1.2,1.7,0.731,1.2,4.9,6.1,2.2,1.2,0.2,1.6,2.6,16.3,20.3,6.300000000000002,26.6,avery_bradley,1.375
0,0,21.0,BRK,NBA,PG,73.0,26.0,22.5,2.8,7.0,0.402,0.6,2.0,0.295,2.2,4.9,0.446,0.445,1.2,1.5,0.805,0.4,2.1,2.5,2.6,0.6,0.5,1.9,2.4,7.4,11.1,3.2,14.3,isaiah_whitehead,1.368421052631579
10,10,31.0,SAS,NBA,PF,72.0,72.0,32.4,6.9,14.6,0.477,0.3,0.8,0.411,6.6,13.8,0.48,0.488,3.1,3.8,0.812,2.4,4.9,7.3,1.9,0.6,1.2,1.4,2.2,17.3,22.1,6.7,28.8,lamarcus_aldridge,1.3571428571428572
6,6,26.0,MIL,NBA,C,81.0,0.0,22.5,4.8,9.0,0.5329999999999999,0.0,0.0,0.0,4.8,8.9,0.536,0.5329999999999999,2.2,3.0,0.741,2.1,4.5,6.6,2.3,1.1,0.5,1.7,2.1,11.7,16.7,6.1,22.8,greg_monroe,1.352941176470588
0,0,23.0,DAL,NBA,PF,81.0,35.0,20.3,1.5,4.1,0.3720000000000001,0.7,2.4,0.293,0.8,1.8,0.479,0.456,0.6,0.8,0.754,0.7,2.1,2.7,0.8,0.6,0.3,0.6,1.5,4.3,6.0,3.0,9.0,dorian_finney_smith,1.3333333333333335
1,1,22.0,BRK,NBA,SF,78.0,50.0,22.6,3.0,6.9,0.434,0.2,0.9,0.224,2.8,6.1,0.463,0.447,2.4,3.2,0.7509999999999999,1.2,4.6,5.8,2.0,1.1,0.6,1.5,2.3,8.7,12.4,6.299999999999999,18.7,rondae_hollis_jefferson,1.3333333333333333
12,12,31.0,SAC,NBA,PF,65.0,9.0,22.7,2.4,5.4,0.442,1.4,3.5,0.391,1.0,1.9,0.537,0.57,0.9,1.3,0.7440000000000001,0.8,2.9,3.6,1.2,0.5,0.3,0.9,1.7,7.1,9.4,3.7,13.1,anthony_tolliver,1.3333333333333333
5,5,26.0,GSW,NBA,SG,78.0,78.0,34.0,8.3,17.6,0.468,3.4,8.3,0.414,4.8,9.3,0.516,0.565,2.4,2.8,0.853,0.6,3.0,3.7,2.1,0.8,0.5,1.6,1.8,22.3,25.5,4.3,29.8,klay_thompson,1.3125
15,15,29.0,,NBA,PF,26.0,12.0,24.3,3.6,8.7,0.412,1.2,3.5,0.348,2.3,5.2,0.455,0.482,2.0,2.5,0.8,1.6,4.2,5.8,1.7,0.8,0.3,1.3,2.8,10.4,14.1,5.3,19.4,ersan_ilyasova,1.3076923076923077
9,9,29.0,ORL,NBA,SG,36.0,10.0,20.5,2.9,7.1,0.402,1.6,3.8,0.409,1.3,3.3,0.395,0.512,1.8,2.1,0.878,0.1,2.0,2.1,1.3,0.9,0.1,1.0,1.1,9.1,10.8,3.0,13.8,jodie_meeks,1.3
2,2,24.0,LAL,NBA,SG,82.0,19.0,29.2,5.8,13.1,0.445,1.4,4.3,0.329,4.4,8.7,0.503,0.5,1.6,2.0,0.7979999999999999,0.6,2.4,3.0,2.6,1.1,0.1,2.0,1.8,14.7,18.5,3.6,22.1,jordan_clarkson,1.3
3,3,23.0,PHI,NBA,SF,24.0,8.0,21.6,3.1,6.8,0.463,0.9,3.0,0.292,2.3,3.8,0.6,0.528,1.3,1.7,0.78,1.3,2.8,4.0,1.4,0.5,0.3,1.1,1.9,8.5,11.5,3.6,15.1,justin_anderson,1.2727272727272725
11,11,29.0,,NBA,SF,71.0,33.0,30.9,6.1,13.2,0.461,1.5,4.6,0.337,4.5,8.6,0.527,0.52,2.0,2.7,0.727,1.5,5.0,6.5,2.0,0.7,0.4,1.6,2.4,15.7,19.6,6.1000000000000005,25.7,wilson_chandler,1.25
17,17,35.0,CLE,NBA,SG,35.0,1.0,24.5,3.7,7.7,0.487,2.8,5.7,0.485,1.0,2.0,0.493,0.667,0.4,0.4,0.933,0.2,2.6,2.8,1.0,0.3,0.2,0.8,1.7,10.7,12.099999999999998,3.1,15.199999999999998,kyle_korver,1.25
11,11,30.0,TOR,NBA,SF,72.0,72.0,26.1,3.1,7.6,0.4,1.5,4.4,0.341,1.5,3.2,0.483,0.499,1.2,1.6,0.7609999999999999,0.9,2.9,3.8,1.0,1.1,0.4,0.8,2.0,8.9,11.0,4.4,15.4,demarre_carroll,1.25
5,5,25.0,CLE,NBA,C,78.0,78.0,29.9,3.4,5.6,0.6,0.0,0.0,0.0,3.4,5.6,0.604,0.6,1.4,2.7,0.498,3.7,5.5,9.2,1.0,0.5,1.1,0.8,2.3,8.1,13.0,7.1,20.1,tristan_thompson,1.25
14,14,34.0,CLE,NBA,PF,33.0,19.0,27.5,4.6,9.5,0.487,0.0,0.0,,4.6,9.5,0.487,0.487,1.9,2.6,0.753,2.3,4.5,6.9,1.5,0.8,1.7,1.2,2.9,11.2,15.3,7.0,22.3,larry_nance_jr,1.25
0,0,22.0,LAL,NBA,SG,19.0,5.0,29.9,3.7,8.9,0.412,1.2,3.3,0.371,2.5,5.7,0.435,0.479,3.4,4.5,0.753,0.2,1.7,1.9,2.1,0.6,0.1,1.7,1.7,11.9,14.6,2.4,17.0,jaylen_brown,1.2352941176470589
11,11,28.0,IND,NBA,PF,74.0,74.0,30.2,4.9,9.3,0.527,0.6,1.6,0.381,4.3,7.7,0.557,0.56,0.6,1.2,0.523,1.8,4.3,6.1,1.6,1.5,0.4,1.3,1.8,11.0,14.7,6.2,20.9,thaddeus_young,1.2307692307692308
2,2,23.0,PHO,NBA,SF,66.0,59.0,31.0,6.1,12.3,0.495,0.4,1.5,0.265,5.7,10.8,0.527,0.511,1.8,2.3,0.773,1.9,3.2,5.1,1.1,1.2,0.6,0.9,2.7,14.4,17.6,5.0,22.6,tj_warren,1.2222222222222223
17,17,35.0,MEM,NBA,PF,73.0,5.0,24.5,5.9,13.2,0.449,0.3,1.3,0.223,5.6,11.9,0.474,0.46,1.9,2.6,0.731,2.5,5.7,8.2,1.7,0.5,0.1,1.4,1.9,14.1,18.6,6.3,24.9,zach_randolph,1.2142857142857144
11,11,29.0,IND,NBA,SF,76.0,29.0,23.4,3.7,8.5,0.434,2.2,5.4,0.413,1.5,3.1,0.471,0.565,1.1,1.2,0.903,0.4,2.6,3.0,0.6,0.6,0.3,0.5,2.0,10.7,11.8,3.5,15.3,cj_miles,1.2
6,6,25.0,ORL,NBA,SF,24.0,24.0,31.2,4.8,11.1,0.431,1.9,5.6,0.341,2.9,5.5,0.523,0.517,1.0,1.1,0.852,0.2,2.7,2.8,1.8,1.4,0.5,1.5,2.5,12.5,14.8,4.6,19.4,terrence_ross,1.2
4,4,27.0,BRK,NBA,SG,70.0,24.0,25.1,4.4,10.5,0.415,1.5,4.4,0.341,2.9,6.1,0.468,0.486,2.9,3.5,0.843,0.3,3.7,4.0,2.2,0.6,0.1,1.9,1.7,13.1,15.9,4.4,20.3,sean_kilpatrick,1.1578947368421053
4,4,24.0,DAL,NBA,PF,79.0,79.0,35.5,7.6,16.2,0.468,1.0,2.8,0.35100000000000003,6.6,13.4,0.4920000000000001,0.498,3.1,3.6,0.861,1.2,3.8,5.0,1.5,0.8,0.2,1.3,1.6,19.2,22.1,4.8,26.9,harrison_barnes,1.1538461538461537
6,6,26.0,IND,NBA,SF,75.0,75.0,35.9,8.3,18.0,0.461,2.6,6.6,0.393,5.7,11.4,0.501,0.534,4.5,5.0,0.898,0.8,5.8,6.6,3.3,1.6,0.4,2.9,2.7,23.7,28.2,7.800000000000002,36.0,paul_george,1.1379310344827587
8,8,28.0,HOU,NBA,PF,72.0,72.0,29.4,4.5,10.7,0.418,2.8,7.0,0.403,1.7,3.7,0.446,0.55,1.8,2.1,0.86,1.6,3.0,4.6,0.9,0.4,0.2,0.8,2.0,13.6,16.2,3.6,19.8,ryan_anderson,1.125
14,14,30.0,SAC,NBA,SF,30.0,30.0,33.8,6.7,14.7,0.455,1.4,3.8,0.3720000000000001,5.3,11.0,0.483,0.502,3.9,4.6,0.855,1.2,5.2,6.3,2.8,1.5,0.9,2.5,2.6,18.7,23.0,7.6,30.6,rudy_gay,1.1199999999999999
5,5,26.0,MEM,NBA,SF,64.0,28.0,23.5,2.3,5.0,0.455,0.8,2.1,0.3720000000000001,1.5,2.9,0.516,0.534,1.3,1.7,0.782,1.1,3.0,4.0,1.0,0.7,0.3,0.9,2.6,6.7,8.9,4.0,12.9,james_ennis,1.1111111111111112
1,1,20.0,PHO,NBA,SG,78.0,78.0,35.0,7.8,18.3,0.423,1.9,5.2,0.363,5.9,13.2,0.447,0.475,4.7,5.7,0.8320000000000001,0.6,2.6,3.2,3.4,0.9,0.3,3.1,3.1,22.1,26.4,3.8,30.2,devin_booker,1.096774193548387
15,15,30.0,,NBA,PF,69.0,11.0,22.2,3.2,8.1,0.394,0.8,2.8,0.275,2.4,5.3,0.458,0.442,2.1,2.4,0.863,0.6,2.5,3.1,1.2,0.5,0.2,1.1,1.5,9.2,11.1,3.2,14.3,jeff_green,1.0909090909090908
8,8,26.0,NOP,NBA,C,17.0,17.0,33.8,8.4,18.5,0.452,2.1,5.6,0.375,6.2,12.8,0.486,0.51,5.5,7.1,0.777,2.2,10.2,12.4,3.9,1.5,1.1,3.6,4.4,24.4,30.8,12.8,43.6,demarcus_cousins,1.0833333333333333
12,12,32.0,LAC,NBA,SG,78.0,78.0,28.2,5.1,11.4,0.445,2.6,6.0,0.429,2.5,5.4,0.462,0.5579999999999999,2.3,2.6,0.8909999999999999,0.1,2.1,2.2,1.4,0.7,0.2,1.3,1.6,15.0,16.599999999999998,3.0,19.6,jj_redick,1.0769230769230769
6,6,26.0,POR,NBA,SF,61.0,25.0,29.1,3.0,7.6,0.393,1.1,3.5,0.33,1.9,4.2,0.445,0.468,1.6,2.2,0.706,1.3,6.1,7.4,1.6,1.0,0.7,1.5,1.7,8.7,11.7,7.8,19.5,al-farouq_aminu,1.0666666666666667
6,6,29.0,BRK,NBA,PF,71.0,43.0,24.7,4.3,8.3,0.516,0.4,1.1,0.321,3.9,7.2,0.546,0.537,1.0,1.5,0.6729999999999999,2.0,6.0,8.0,1.9,1.1,0.4,1.8,2.1,10.0,14.0,7.5,21.5,trevor_booker,1.0555555555555556
1,1,21.0,MIN,NBA,C,82.0,82.0,37.0,9.8,18.0,0.542,1.2,3.4,0.3670000000000001,8.5,14.7,0.5820000000000001,0.5760000000000001,4.3,5.2,0.8320000000000001,3.6,8.7,12.3,2.7,0.7,1.3,2.6,2.9,25.1,31.5,10.7,42.2,karl_anthony_towns,1.0384615384615385
4,4,22.0,POR,NBA,C,20.0,19.0,29.2,6.0,11.8,0.508,0.0,0.1,0.0,6.0,11.8,0.511,0.508,3.2,4.9,0.66,3.3,7.1,10.4,3.2,1.3,1.9,3.1,3.7,15.2,21.8,10.3,32.099999999999994,jusuf_nurkic,1.032258064516129
1,1,23.0,PHI,NBA,C,57.0,17.0,20.9,4.0,7.2,0.5579999999999999,0.5,1.4,0.35100000000000003,3.6,5.9,0.606,0.591,1.3,1.8,0.6990000000000001,1.6,3.8,5.5,1.0,0.7,1.0,1.0,2.4,9.8,12.4,5.5,17.9,richaun_holmes,1.0
7,7,27.0,WAS,NBA,PF,76.0,76.0,31.2,5.3,11.7,0.457,0.9,2.6,0.362,4.4,9.1,0.483,0.4970000000000001,2.4,2.8,0.8370000000000001,1.4,5.1,6.5,1.7,1.1,0.6,1.7,3.3,14.0,17.1,6.799999999999999,23.9,markieff_morris,1.0
11,11,32.0,WAS,NBA,C,82.0,82.0,31.2,4.8,8.2,0.579,0.0,0.0,0.0,4.8,8.2,0.58,0.579,1.3,1.9,0.648,2.9,7.5,10.4,1.5,0.5,0.7,1.5,2.6,10.8,15.200000000000005,8.7,23.9,marcin_gortat,1.0
1,1,20.0,IND,NBA,C,81.0,81.0,31.4,5.5,10.7,0.511,0.5,1.4,0.348,5.0,9.3,0.536,0.534,3.0,3.7,0.809,1.7,5.6,7.3,1.3,0.9,2.1,1.3,3.2,14.5,17.5,8.6,26.1,myles_turner,1.0
1,1,21.0,WAS,NBA,SF,79.0,5.0,20.3,2.4,5.6,0.421,0.7,2.4,0.287,1.7,3.2,0.52,0.482,0.9,1.3,0.758,0.8,2.5,3.3,0.6,0.7,0.2,0.6,2.5,6.3,7.700000000000001,3.4000000000000004,11.1,kelly_oubre,1.0
4,4,23.0,POR,NBA,SF,77.0,69.0,28.9,4.1,8.1,0.503,0.9,2.5,0.35100000000000003,3.2,5.6,0.5720000000000001,0.5579999999999999,1.0,1.6,0.621,1.6,2.8,4.4,1.1,1.1,0.9,1.1,2.8,10.0,12.7,4.8,17.5,maurice_harkless,1.0
2,2,22.0,HOU,NBA,SF,6.0,3.0,23.2,3.7,7.3,0.5,1.3,3.5,0.381,2.3,3.8,0.609,0.591,1.0,1.2,0.857,1.5,2.5,4.0,1.0,0.5,0.2,1.0,3.0,9.7,12.2,3.2,15.4,troy_williams,1.0
2,2,25.0,CHI,NBA,PF,70.0,15.0,24.0,3.7,8.9,0.413,1.8,5.4,0.342,1.8,3.5,0.52,0.516,1.4,1.8,0.773,0.9,4.6,5.5,1.1,0.8,0.8,1.1,1.8,10.6,12.6,6.199999999999998,18.8,nikola_mirotic,1.0
2,2,21.0,MIN,NBA,SF,82.0,82.0,37.2,8.6,19.1,0.452,1.3,3.5,0.35600000000000004,7.4,15.6,0.473,0.484,5.0,6.6,0.76,1.2,2.8,4.0,2.3,1.0,0.4,2.3,2.2,23.6,27.1,4.2,31.3,andrew_wiggins,1.0
12,12,35.0,MEM,NBA,SG,71.0,66.0,27.0,3.9,8.4,0.461,0.2,0.8,0.278,3.6,7.6,0.479,0.473,1.1,1.8,0.615,2.3,3.2,5.5,1.4,1.6,0.4,1.4,2.5,9.1,12.8,5.200000000000001,18.0,tony_allen,1.0
0,0,20.0,OKC,NBA,PF,81.0,66.0,20.1,2.4,5.9,0.399,0.6,2.0,0.321,1.7,4.0,0.438,0.452,0.5,0.8,0.657,0.6,3.0,3.6,1.0,0.5,0.4,1.0,2.5,5.9,7.5,3.9,11.4,domantas_sabonis,1.0
0,0,22.0,PHI,NBA,PF,81.0,36.0,26.3,4.7,11.4,0.411,1.3,4.2,0.311,3.4,7.2,0.469,0.468,2.1,2.7,0.782,1.4,5.0,6.3,2.2,0.7,0.4,2.3,2.0,12.8,16.3,6.1000000000000005,22.4,dario_saric,0.9565217391304349
8,8,28.0,CLE,NBA,PF,60.0,60.0,31.4,6.2,14.5,0.4270000000000001,2.4,6.5,0.373,3.8,8.0,0.471,0.51,4.3,4.9,0.871,2.5,8.6,11.1,1.9,0.9,0.4,2.0,2.1,19.0,23.3,9.9,33.2,kevin_love,0.95
8,8,28.0,BRK,NBA,C,75.0,75.0,29.6,7.4,15.6,0.474,1.8,5.2,0.34600000000000003,5.6,10.5,0.536,0.531,3.9,4.9,0.81,1.6,3.8,5.4,2.3,0.5,1.7,2.5,2.6,20.5,24.2,6.0,30.2,brook_lopez,0.9199999999999999
8,8,25.0,UTA,NBA,PF,50.0,39.0,23.7,4.1,8.3,0.487,0.1,0.2,0.3,4.0,8.1,0.491,0.49,1.3,2.2,0.615,1.8,4.3,6.1,1.1,0.9,0.8,1.2,2.1,9.5,12.3,6.0,18.3,derrick_favors,0.9166666666666667
4,4,26.0,MEM,NBA,PF,77.0,75.0,27.3,3.2,6.5,0.5,0.7,1.9,0.379,2.5,4.6,0.5489999999999999,0.555,1.7,2.2,0.802,2.2,4.9,7.1,1.1,0.6,0.4,1.2,3.2,8.9,12.1,5.9,18.0,jamychal_green,0.9166666666666667
2,2,25.0,BRK,NBA,SG,52.0,11.0,21.9,3.0,7.0,0.425,1.6,4.3,0.385,1.3,2.7,0.489,0.5429999999999999,0.7,0.9,0.7140000000000001,0.3,2.5,2.8,1.0,0.6,0.2,1.1,2.3,8.2,9.4,3.3000000000000003,12.7,joe_harris,0.9090909090909091
8,8,28.0,CHI,NBA,C,81.0,81.0,28.0,4.7,9.6,0.493,0.0,0.0,0.0,4.7,9.5,0.494,0.493,0.9,1.3,0.721,3.0,3.4,6.4,1.0,0.2,1.4,1.1,1.9,10.4,14.3,5.0,19.3,robin_lopez,0.9090909090909091
16,16,37.0,TOR,NBA,C,8.0,8.0,23.9,1.8,3.9,0.452,0.0,0.0,,1.8,3.9,0.452,0.452,0.9,2.5,0.35,1.9,2.6,4.5,0.9,0.4,0.1,1.0,3.3,4.4,7.100000000000001,3.1,10.2,anthony_davis,0.9
5,5,27.0,DEN,NBA,PF,61.0,34.0,21.2,3.7,6.8,0.5479999999999999,0.0,0.1,0.0,3.7,6.7,0.556,0.5479999999999999,2.1,3.1,0.693,3.0,4.6,7.6,0.9,0.7,0.7,1.0,2.0,9.6,13.4,6.0,19.4,kenneth_faried,0.9
4,4,22.0,DAL,NBA,C,22.0,12.0,22.0,3.5,6.1,0.575,0.0,0.0,,3.5,6.1,0.575,0.575,1.5,2.2,0.708,2.1,4.7,6.8,0.9,1.0,1.1,1.0,2.5,8.5,11.4,6.800000000000002,18.200000000000006,nerlens_noel,0.9
8,8,28.0,LAC,NBA,C,81.0,81.0,31.7,5.1,7.1,0.7140000000000001,0.0,0.0,0.0,5.1,7.1,0.7170000000000001,0.7140000000000001,2.5,5.2,0.482,3.7,10.1,13.8,1.2,0.6,1.7,1.4,2.6,12.7,17.4,12.4,29.8,deandre_jordan,0.8571428571428572
2,2,23.0,SAC,NBA,SG,25.0,18.0,29.1,5.7,11.8,0.48,2.4,5.5,0.428,3.3,6.3,0.525,0.579,1.4,1.7,0.8140000000000001,0.6,3.5,4.1,1.8,0.8,0.1,2.1,1.4,15.1,17.2,4.4,21.6,buddy_hield,0.8571428571428571
10,10,30.0,LAC,NBA,SF,80.0,76.0,22.3,2.4,4.7,0.505,0.5,1.4,0.391,1.9,3.4,0.552,0.562,0.7,1.1,0.6779999999999999,0.6,1.6,2.1,0.5,1.0,0.4,0.6,1.5,6.1,7.1,3.0,10.1,luc_mbah_a_moute,0.8333333333333334
1,1,21.0,NYK,NBA,PF,66.0,65.0,32.8,6.7,14.9,0.45,1.7,4.8,0.35700000000000004,5.0,10.2,0.493,0.507,3.0,3.8,0.7859999999999999,1.7,5.5,7.2,1.5,0.7,2.0,1.8,3.7,18.1,21.0,8.2,29.2,kristaps_porzingis,0.8333333333333333
2,2,22.0,HOU,NBA,C,65.0,59.0,23.9,5.6,8.7,0.643,0.0,0.0,,5.6,8.7,0.643,0.643,1.4,2.7,0.531,2.7,5.4,8.1,1.0,0.5,1.2,1.3,2.8,12.6,16.0,7.1000000000000005,23.1,capela_capela,0.7692307692307692
3,3,26.0,PHI,NBA,SF,67.0,67.0,31.6,4.4,10.9,0.399,2.0,6.1,0.333,2.3,4.8,0.484,0.4920000000000001,2.1,2.6,0.8220000000000001,1.4,5.1,6.5,1.5,1.9,1.0,2.0,3.0,12.9,15.3,8.0,23.3,robert_covington,0.75
5,5,24.0,ORL,NBA,C,81.0,27.0,22.1,2.2,4.2,0.528,0.0,0.0,,2.2,4.2,0.528,0.528,1.5,2.9,0.534,1.9,5.1,7.0,0.9,0.3,1.1,1.2,2.5,6.0,8.5,6.5,15.0,bismack_biyombo,0.75
3,3,24.0,UTA,NBA,C,81.0,81.0,33.9,5.1,7.7,0.6609999999999999,0.0,0.0,0.0,5.1,7.7,0.662,0.6609999999999999,3.8,5.9,0.653,3.9,8.9,12.8,1.2,0.6,2.6,1.8,3.0,14.0,18.5,12.1,30.6,rudy_gobert,0.6666666666666666
1,1,21.0,PHI,NBA,C,50.0,33.0,22.7,4.8,9.4,0.514,0.0,0.0,,4.8,9.4,0.514,0.514,2.1,3.2,0.6709999999999999,1.6,3.2,4.8,1.2,0.4,1.0,1.8,2.4,11.8,14.0,4.6,18.6,jahlil_okafor,0.6666666666666666
10,10,30.0,LAL,NBA,C,54.0,52.0,20.4,3.1,6.1,0.515,0.0,0.0,0.0,3.1,6.1,0.517,0.515,1.2,1.4,0.8079999999999999,1.9,3.0,4.9,0.8,0.3,0.6,1.3,2.5,7.4,9.6,3.9,13.5,timofey_mozgov,0.6153846153846154
3,3,23.0,OKC,NBA,C,80.0,80.0,29.9,4.7,8.2,0.5710000000000001,0.0,0.0,0.0,4.7,8.2,0.5720000000000001,0.5710000000000001,2.0,3.2,0.611,3.5,4.2,7.7,1.1,1.1,1.0,1.8,2.4,11.3,15.2,6.300000000000002,21.5,steven_adams,0.6111111111111112
12,12,31.0,ATL,NBA,C,74.0,74.0,29.7,5.2,8.3,0.633,0.0,0.0,0.0,5.2,8.3,0.635,0.633,3.1,5.7,0.5329999999999999,4.0,8.7,12.7,1.4,0.9,1.2,2.3,2.7,13.5,18.0,10.8,28.8,dwight_howard,0.6086956521739131
4,4,23.0,DET,NBA,C,81.0,81.0,29.7,6.0,11.2,0.53,0.0,0.1,0.28600000000000003,5.9,11.2,0.532,0.531,1.7,4.4,0.386,4.3,9.5,13.8,1.1,1.5,1.1,1.9,2.9,13.6,18.200000000000006,12.1,30.300000000000004,andre_drummond,0.5789473684210527
0,0,22.0,PHI,NBA,C,31.0,31.0,25.4,6.5,13.8,0.466,1.2,3.2,0.3670000000000001,5.3,10.7,0.495,0.508,6.2,7.9,0.7829999999999999,2.0,5.9,7.8,2.1,0.9,2.5,3.8,3.6,20.2,22.6,9.3,31.9,joel_embiid,0.5526315789473685
0,0,19.0,PHO,NBA,PF,82.0,75.0,21.3,3.5,7.7,0.449,0.9,2.7,0.321,2.6,5.0,0.52,0.506,1.4,2.2,0.624,1.2,3.1,4.2,0.7,0.8,0.9,1.3,3.2,9.2,10.499999999999998,4.800000000000002,15.3,marquese_chriss,0.5384615384615384
4,4,24.0,TOR,NBA,C,80.0,80.0,25.8,4.9,8.8,0.557,0.0,0.0,0.5,4.9,8.8,0.557,0.5579999999999999,2.2,2.7,0.8109999999999999,2.8,6.7,9.5,0.7,0.5,0.8,1.3,2.7,12.0,14.9,8.0,22.9,jonas_valanciunas,0.5384615384615384
4,4,27.0,WAS,NBA,SF,26.0,0.0,23.1,4.1,9.0,0.457,1.7,4.4,0.391,2.4,4.6,0.521,0.5529999999999999,2.7,2.9,0.934,0.5,2.5,3.1,0.8,0.4,0.2,1.5,1.8,12.7,13.3,3.1,16.4,bojan_bogdanovic,0.5333333333333333
7,7,24.0,OKC,NBA,C,72.0,0.0,21.3,5.6,10.2,0.545,0.1,0.5,0.132,5.5,9.7,0.568,0.5489999999999999,3.1,4.0,0.7859999999999999,2.7,4.0,6.7,0.9,0.4,0.5,1.7,2.1,14.3,17.1,4.9,22.0,enes_kanter,0.5294117647058824
3,3,24.0,CLE,NBA,C,1.0,0.0,24.0,3.0,4.0,0.75,0.0,0.0,,3.0,4.0,0.75,0.75,0.0,1.0,0.0,4.0,6.0,10.0,1.0,0.0,6.0,2.0,3.0,6.0,10.0,12.0,22.0,edy_tavares,0.5
9,9,31.0,OKC,NBA,PF,23.0,16.0,21.2,3.9,7.8,0.4970000000000001,0.0,0.0,1.0,3.8,7.7,0.494,0.5,1.2,1.7,0.718,1.7,2.8,4.5,0.6,0.6,0.7,1.2,1.7,9.0,10.7,4.1,14.8,taj_gibson,0.5
3,3,23.0,PHO,NBA,C,77.0,34.0,20.3,3.0,6.0,0.4970000000000001,0.0,0.2,0.25,2.9,5.9,0.503,0.5,1.9,2.7,0.721,2.0,4.6,6.6,0.6,0.5,1.3,1.3,3.1,8.0,9.9,6.4,16.299999999999994,alex_len,0.4615384615384615
15,15,34.0,PHO,NBA,C,47.0,46.0,27.6,3.3,4.9,0.6709999999999999,0.0,0.0,,3.3,4.9,0.6709999999999999,0.6709999999999999,1.9,2.6,0.7340000000000001,3.3,8.2,11.5,0.6,0.7,0.5,1.4,2.7,8.4,11.5,9.4,20.9,tyson_chandler,0.4285714285714286
9,9,27.0,TOR,NBA,PF,23.0,23.0,31.0,5.6,12.1,0.459,1.8,4.5,0.398,3.8,7.7,0.494,0.532,1.3,1.5,0.882,1.3,5.5,6.8,0.7,0.3,1.4,1.7,3.3,14.2,15.2,7.199999999999998,22.4,serge_ibaka,0.4117647058823529
6,6,27.0,,NBA,C,77.0,77.0,32.6,7.0,12.6,0.557,0.0,0.0,,7.0,12.6,0.557,0.557,2.9,4.6,0.628,3.8,10.3,14.1,0.7,0.7,2.1,2.0,2.9,17.0,20.2,13.1,33.3,hassan_whiteside,0.35
7,7,28.0,,NBA,SG,1.0,0.0,25.0,3.0,6.0,0.5,0.0,1.0,0.0,3.0,5.0,0.6,0.5,2.0,3.0,0.667,3.0,4.0,7.0,0.0,2.0,0.0,0.0,3.0,8.0,11.0,6.0,17.0,deandre_liggins,
3,3,24.0,NOP,NBA,SF,2.0,0.0,20.5,2.5,4.0,0.625,0.5,1.5,0.333,2.0,2.5,0.8,0.688,0.0,0.0,,0.0,0.5,0.5,0.0,0.5,0.5,0.0,2.5,5.5,5.5,1.5,7.0,axel_toupane,
